<?xml version="1.0" encoding="UTF-8"?>
<con:tc-config xmlns:con="http://www.terracotta.org/config">
  <tc-properties>
    <property name="productkey.path" value="/opt/terracotta/terracotta-license.key" />
  </tc-properties>
  <servers>
    <server host="%1$1s" name="%1$1s">
      <dso-port bind="0.0.0.0">9510</dso-port>
      <jmx-port bind="0.0.0.0">9520</jmx-port>
      <data>terracotta/server-data</data>
      <logs>terracotta/server-logs</logs>
      <statistics>terracotta/cluster-statistics</statistics>
      <l2-group-port>9530</l2-group-port>
    </server>
    <mirror-groups>
      <mirror-group group-name="%1$1s">
        <members>
          <member>%1$1s</member>
        </members>
      </mirror-group>
    </mirror-groups>
  </servers>
  <clients>
    <logs>terracotta/client-logs</logs>
  </clients>
</con:tc-config>