<?xml version="1.0" encoding="UTF-8"?>
<con:tc-config xmlns:con="http://www.terracotta.org/config">
  <servers>
    <server host="%i" name="localhost">
      <dso-port bind="0.0.0.0">9510</dso-port>
      <jmx-port bind="0.0.0.0">9520</jmx-port>
      <data>terracotta/server-data</data>
      <logs>terracotta/server-logs</logs>
      <statistics>terracotta/cluster-statistics</statistics>
    </server>
  </servers>
  <clients>
    <logs>terracotta/client-logs</logs>
  </clients>
</con:tc-config>