<?xml version="1.0" encoding="UTF-8"?>
<!DOCTYPE hibernate-configuration PUBLIC
	"-//Hibernate/Hibernate Configuration DTD 3.0//EN"
	"http://hibernate.sourceforge.net/hibernate-configuration-3.0.dtd">

<hibernate-configuration>
	<session-factory>
<property name="hibernate.connection.driver_class">org.postgresql.Driver</property>
<property name="hibernate.connection.password">demo</property>
<property name="hibernate.connection.url">jdbc:postgresql://10.3.5.131:5432/demo</property>
<property name="hibernate.connection.username">demo</property>
<property name="hibernate.dialect">org.hibernate.dialect.PostgreSQLDialect</property>
<property name="show_sql">true</property>
<!-- Use Terracotta -->
<property name="hibernate.cache.use_second_level_cache">true</property>
<property name="hibernate.cache.use_query_cache">false</property>
<property name="hibernate.cache.region.factory_class">net.sf.ehcache.hibernate.EhCacheRegionFactory</property>
<!-- Resourcce mapping -->
<mapping resource="Res.hbm.xml"/>
</session-factory>
</hibernate-configuration>