<?xml version="1.0" encoding="UTF-8"?>
<!DOCTYPE hibernate-mapping PUBLIC
    "-//Hibernate/Hibernate Mapping DTD 3.0//EN"
    "http://hibernate.sourceforge.net/hibernate-mapping-3.0.dtd" >

<hibernate-mapping auto-import="true" default-lazy="false">

<class name="kejiban.entity.Res" table="RES">
	<cache usage="read-only"/>
	<id name="id" type="int" column="id">
		<generator class="identity"/>
	</id>
	<property name="name" type="string" column="name"/>
	<property name="entry" type="string" column="entry"/>
	<property name="date" type="timestamp" column="date"></property>
	
</class>
</hibernate-mapping>